[
  {
    "name": "☆ Minecraft",
    "locked": true,
    "colours": [
      "#ffffff",
      "#ffff55",
      "#ff55ff",
      "#ff5555",
      "#55ffff",
      "#55ff55",
      "#5555ff",
      "#555555",
      "#aaaaaa",
      "#ffaa00",
      "#aa00aa",
      "#aa0000",
      "#00aaaa",
      "#00aa00",
      "#0000aa",
      "#000000",
      "#dddddd",
      "#db7d3e",
      "#b350bc",
      "#6b8ac9",
      "#b1a627",
      "#41ae38",
      "#d08499",
      "#404040",
      "#9aa1a1",
      "#2e6e89",
      "#7e3db5",
      "#2e388d",
      "#4f321f",
      "#35461b",
      "#963430",
      "#191616"
    ]
  },
  {
    "name": "☆ Shades",
    "locked": true,
    "colours": [
      "#070707",
      "#0f0f0f",
      "#171717",
      "#1f1f1f",
      "#272727",
      "#2f2f2f",
      "#373737",
      "#3f3f3f",
      "#474747",
      "#4f4f4f",
      "#575757",
      "#5f5f5f",
      "#676767",
      "#6f6f6f",
      "#777777",
      "#7f7f7f",
      "#878787",
      "#8f8f8f",
      "#979797",
      "#9f9f9f",
      "#a7a7a7",
      "#afafaf",
      "#b7b7b7",
      "#bfbfbf",
      "#c7c7c7",
      "#cfcfcf",
      "#d7d7d7",
      "#dfdfdf",
      "#e7e7e7",
      "#efefef",
      "#f7f7f7",
      "#ffffff"
    ]
  },
  {
    "name": "☆ Warm32",
    "locked": true,
    "colours": [
      "#0d0e1e",
      "#2f3144",
      "#626a73",
      "#94a5aa",
      "#d3dfe1",
      "#291820",
      "#694749",
      "#a56e66",
      "#cb9670",
      "#ecd8b7",
      "#28092d",
      "#692b58",
      "#804061",
      "#a1516a",
      "#e19393",
      "#1e1d38",
      "#514569",
      "#84788b",
      "#bea8bf",
      "#232d4f",
      "#3a4b6d",
      "#65799a",
      "#99b4dd",
      "#41648b",
      "#6fa9c3",
      "#b9e2e5",
      "#d3ead8",
      "#0a2325",
      "#204039",
      "#3e6248",
      "#778f73",
      "#b4c3a8"
    ]
  },
  {
    "name": "☆ Pastel-64 A",
    "locked": true,
    "colours": [
      "#998276",
      "#c4c484",
      "#abd883",
      "#a2f2bd",
      "#b88488",
      "#d1b182",
      "#d4eb91",
      "#ccfcc4",
      "#907699",
      "#c484a4",
      "#ea8c79",
      "#f2e5a2",
      "#9a84b8",
      "#d182ca",
      "#eb91a8",
      "#ffddc4",
      "#768d99",
      "#8484c4",
      "#c479ea",
      "#f2a2d7",
      "#84b8b4",
      "#82a2d1",
      "#a791eb",
      "#fbc8f5",
      "#7c957a",
      "#84c4a4",
      "#79d7ea",
      "#a2aff2",
      "#a2b884",
      "#82d189",
      "#91ebd4",
      "#c9e5fa"
    ]
  },
  {
    "name": "☆ Pastel-64 B",
    "locked": true,
    "colours": [
      "#b8a784",
      "#b9ca89",
      "#91eb91",
      "#c9fce9",
      "#957686",
      "#c49484",
      "#eade7a",
      "#c3f2a2",
      "#b884af",
      "#d1828f",
      "#ebbd91",
      "#f7f9c4",
      "#797699",
      "#b484c4",
      "#ea79bb",
      "#f2a9a2",
      "#8495b8",
      "#9d82d1",
      "#ea91eb",
      "#ffc8d4",
      "#76958d",
      "#84b4c4",
      "#7982ea",
      "#d1a2f2",
      "#84b88d",
      "#82d1c4",
      "#91beeb",
      "#d2c6fa",
      "#969976",
      "#94c484",
      "#79eaa8",
      "#a2ebf2"
    ]
  },
  {
    "name": "☆ SoftMilk32",
    "locked": true,
    "colours": [
      "#d95b9a",
      "#9e4491",
      "#633662",
      "#903d62",
      "#bd515a",
      "#d69a4e",
      "#f3d040",
      "#ffe88c",
      "#f2f2f0",
      "#94e092",
      "#1f9983",
      "#22636b",
      "#c56876",
      "#5c3841",
      "#945848",
      "#d17f6b",
      "#eb9f7f",
      "#f1c28f",
      "#b9b5c3",
      "#76747d",
      "#57546f",
      "#23213d",
      "#454194",
      "#425bbd",
      "#4884d4",
      "#45a1de",
      "#7cd8eb",
      "#e2f266",
      "#c3d442",
      "#82aa28",
      "#597f1e",
      "#376129"
    ]
  },
  {
    "name": "☆ Endesga 32",
    "locked": true,
    "colours": [
      "#be4a2f",
      "#d77643",
      "#ead4aa",
      "#e4a672",
      "#b86f50",
      "#733e39",
      "#3e2731",
      "#a22633",
      "#e43b44",
      "#f77622",
      "#feae34",
      "#fee761",
      "#63c74d",
      "#3e8948",
      "#265c42",
      "#193c3e",
      "#124e89",
      "#0099db",
      "#2ce8f5",
      "#ffffff",
      "#c0cbdc",
      "#8b9bb4",
      "#5a6988",
      "#3a4466",
      "#262b44",
      "#181425",
      "#ff0044",
      "#68386c",
      "#b55088",
      "#f6757a",
      "#e8b796",
      "#c28569"
    ]
  }
]